n,power,mean_cvd_rank,mean_cvd_importance,reps
200,0.13,15.0,0.0,100
500,0.54,15.0,0.0,100
1000,0.67,15.0,0.0,100
2000,0.94,8.28,0.012069197488658635,100
5000,1.0,1.0,0.5764642794208611,100
